ID;Token;Tipo;Linha;Coluna;Ref
1;int;PR:INT;1;1;
2;x;NOMEVARIAVEL;1;5;
3;=;ATRIBUICAO;1;7;
4;10;NUMERO;1;9;
5;";";PV;1;11;
6;int;PR:INT;2;1;
7;y;NOMEVARIAVEL;2;5;
8;=;ATRIBUICAO;2;7;
9;5;NUMERO;2;9;
10;,;VG;2;10;
11;z;NOMEVARIAVEL;2;12;
12;";";PV;2;13;
13;if;PR:IF;3;1;
14;(;AP;3;4;
15;x;NOMEVARIAVEL;3;5;
16;>;SINAL_COMPARACAO;3;7;
17;0;NUMERO;3;9;
18;);FP;3;10;14
19;{;AC;3;12;
20;if;PR:IF;4;5;
21;(;AP;4;8;
22;y;NOMEVARIAVEL;4;9;
23;>;SINAL_COMPARACAO;4;11;
24;0;NUMERO;4;13;
25;);FP;4;14;21
26;{;AC;4;16;
27;z;NOMEVARIAVEL;5;9;
28;=;ATRIBUICAO;5;11;
29;0;NUMERO;5;13;
30;";";PV;5;14;
31;};FC;6;5;26
32;};FC;7;1;19
