ID;token;tipo;linha;coluna;Ref
1;int;PR:INT;1;1;
2;vetor;NOMEVARIAVEL;1;5;
3;[;ACO;1;10;
4;3;INTEIRO;1;11;
5;=;SATR;1;13;
6;{;ACH;1;15;
7;1;INTEIRO;1;16;
8;,;VG;1;17;
9;2;INTEIRO;1;19;
10;,;VG;1;20;
11;3;INTEIRO;1;22;
12;};FCH;1;23;6
13;";";PV;1;24;
14;float;PR:FLOAT;2;1;
15;x;NOMEVARIAVEL;2;7;
16;=;SATR;2;9;
17;(;AP;2;11;
18;2.5;FRACIONARIO;2;12;
19;*;MULT;2;16;
20;(;AP;2;18;
21;3;INTEIRO;2;19;
22;+;SOMA;2;21;
23;1;INTEIRO;2;23;
24;);FP;2;24;20
25;";";PV;2;25;
26;if;PR:IF;3;1;
27;(;AP;3;4;
28;x;NOMEVARIAVEL;3;5;
29;>;MAIOR;3;7;
30;0;INTEIRO;3;9;
31;);FP;3;10;27
32;{;ACH;3;12;
33;x;NOMEVARIAVEL;4;5;
34;=;SATR;4;7;
35;x;NOMEVARIAVEL;4;9;
36;+;SOMA;4;11;
37;1;INTEIRO;4;13;
38;";";PV;4;14;
39;};FCH;5;1;32
40;};FCH;5;2;
41;int;PR:INT;6;1;
42;y;NOMEVARIAVEL;6;5;
43;=;SATR;6;7;
44;(;AP;6;9;
45;(;AP;6;10;
46;1;INTEIRO;6;11;
47;+;SOMA;6;13;
48;2;INTEIRO;6;15;
49;];FCO;6;16;
50;);FP;6;17;45
51;";";PV;6;18;
