ID;token;tipo;linha;coluna;Ref
1;int;PR:INT;1;1;
2;notas;NOMEVARIAVEL;1;5;
3;[;ACO;1;10;
4;3;INTEIRO;1;11;
5;];FCO;1;12;3
6;=;SATR;1;14;
7;{;ACH;1;16;
8;7;INTEIRO;1;17;
9;,;VG;1;18;
10;8;INTEIRO;1;20;
11;,;VG;1;21;
12;10;INTEIRO;1;23;
13;};FCH;1;25;7
14;";";PV;1;26;
15;int;PR:INT;2;1;
16;matriz;NOMEVARIAVEL;2;5;
17;[;ACO;2;11;
18;2;INTEIRO;2;12;
19;];FCO;2;13;17
20;[;ACO;2;14;
21;2;INTEIRO;2;15;
22;];FCO;2;16;20
23;=;SATR;2;18;
24;{;ACH;2;20;
25;{;ACH;2;21;
26;1;INTEIRO;2;22;
27;,;VG;2;23;
28;2;INTEIRO;2;25;
29;};FCH;2;26;25
30;,;VG;2;27;
31;{;ACH;2;29;
32;3;INTEIRO;2;30;
33;,;VG;2;31;
34;4;INTEIRO;2;33;
35;};FCH;2;34;31
36;};FCH;2;35;24
37;";";PV;2;36;
38;float;PR:FLOAT;3;1;
39;media;NOMEVARIAVEL;3;7;
40;=;SATR;3;13;
41;(;AP;3;15;
42;notas;NOMEVARIAVEL;3;16;
43;[;ACO;3;21;
44;0;INTEIRO;3;22;
45;];FCO;3;23;43
46;+;SOMA;3;25;
47;notas;NOMEVARIAVEL;3;27;
48;[;ACO;3;32;
49;1;INTEIRO;3;33;
50;];FCO;3;34;48
51;);FP;3;35;41
52;/;DIV;3;37;
53;2.0;FRACIONARIO;3;39;
54;";";PV;3;42;
55;if;PR:IF;5;1;
56;(;AP;5;4;
57;media;NOMEVARIAVEL;5;5;
58;>=;MAIORIGUAL;5;11;
59;7.0;FRACIONARIO;5;14;
60;);FP;5;17;56
61;{;ACH;5;19;
62;if;PR:IF;6;5;
63;(;AP;6;8;
64;(;AP;6;9;
65;notas;NOMEVARIAVEL;6;10;
66;[;ACO;6;15;
67;2;INTEIRO;6;16;
68;];FCO;6;17;66
69;>;MAIOR;6;19;
70;9;INTEIRO;6;21;
71;);FP;6;22;64
72;&&;E;6;24;
73;(;AP;6;27;
74;media;NOMEVARIAVEL;6;28;
75;<;MENOR;6;34;
76;10;INTEIRO;6;36;
77;);FP;6;38;73
78;);FP;6;39;63
79;{;ACH;6;41;
80;matriz;NOMEVARIAVEL;7;9;
81;[;ACO;7;15;
82;0;INTEIRO;7;16;
83;];FCO;7;17;81
84;[;ACO;7;18;
85;1;INTEIRO;7;19;
86;];FCO;7;20;84
87;=;SATR;7;22;
88;5;INTEIRO;7;24;
89;";";PV;7;25;
90;};FCH;8;5;79
91;};FCH;9;1;61
92;else;PR:ELSE;9;3;
93;{;ACH;9;8;
94;media;NOMEVARIAVEL;10;5;
95;=;SATR;10;11;
96;(;AP;10;13;
97;(;AP;10;14;
98;media;NOMEVARIAVEL;10;15;
99;*;MULT;10;21;
100;2;INTEIRO;10;23;
101;);FP;10;24;97
102;+;SOMA;10;26;
103;1;INTEIRO;10;28;
104;);FP;10;29;96
105;";";PV;10;30;
106;};FCH;11;1;93
