ID;token;tipo;linha;coluna
1;int;PR:INT;2;1
2;idade;NOMEVARIAVEL;2;5
3;=;SATR;2;11
4;20;INTEIRO;2;13
5;";";PV;2;15
6;int;PR:INT;3;1
7;a;NOMEVARIAVEL;3;5
8;,;VG;3;6
9;b;NOMEVARIAVEL;3;8
10;=;SATR;3;10
11;5;INTEIRO;3;12
12;,;VG;3;13
13;c;NOMEVARIAVEL;3;15
14;";";PV;3;16
15;float;PR:FLOAT;4;1
16;media;NOMEVARIAVEL;4;7
17;=;SATR;4;13
18;7.5;FRACIONARIO;4;15
19;,;VG;4;18
20;peso;NOMEVARIAVEL;4;20
21;=;SATR;4;25
22;70;INTEIRO;4;27
23;";";PV;4;29
24;double;PR:DOUBLE;5;1
25;taxa;NOMEVARIAVEL;5;8
26;=;SATR;5;13
27;-0.25;FRACIONARIO;5;15
28;";";PV;5;20
29;char;PR:CHAR;6;1
30;letra;NOMEVARIAVEL;6;6
31;=;SATR;6;12
32;';ASPAS;6;14
33;G;CARACTER;6;15
34;';ASPAS;6;16
35;,;VG;6;17
36;inicial;NOMEVARIAVEL;6;19
37;";";PV;6;26
38;boolean;PR:BOOLEAN;7;1
39;ativo;NOMEVARIAVEL;7;9
40;=;SATR;7;15
41;true;PR:TRUE;7;17
42;,;VG;7;21
43;pago;NOMEVARIAVEL;7;23
44;=;SATR;7;28
45;false;PR:FALSE;7;30
46;";";PV;7;35
47;void;PR:VOID;8;1
48;ponteiro;NOMEVARIAVEL;8;6
49;";";PV;8;14
50;int;PR:INT;9;1
51;y;NOMEVARIAVEL;9;5
52;";";PV;9;6
53;int;PR:INT;12;1
54;x;NOMEVARIAVEL;12;5
55;=;SATR;12;7
56;3.5;FRACIONARIO;12;9
57;";";PV;12;12
58;char;PR:CHAR;13;1
59;nome;NOMEVARIAVEL;13;6
60;=;SATR;13;11
61;10;INTEIRO;13;13
62;";";PV;13;15
63;float;PR:FLOAT;14;1
64;=;SATR;14;7
65;2.0;FRACIONARIO;14;9
66;";";PV;14;12
67;boolean;PR:BOOLEAN;15;1
68;flag;NOMEVARIAVEL;15;9
69;=;SATR;15;14
70;true;PR:TRUE;15;16
71;void;PR:VOID;16;1
72;v;NOMEVARIAVEL;16;6
73;=;SATR;16;8
74;1;INTEIRO;16;10
75;";";PV;16;11
